/* COOK TABLE------------------------ */
/* (id bigint not null, nta varchar(255), available boolean, name varchar(255), recipes_to_cook binary(255), time_busy integer, primary key (id)) */
INSERT INTO cook VALUES(1,'00:00',true,'Katharina',null,0);
INSERT INTO cook VALUES(2,'00:00',true,'Alex',null,0);
INSERT INTO cook VALUES(3,'00:00',true,'Lea',null,0);
INSERT INTO cook VALUES(4,'00:00',true,'Lukas',null,0);
INSERT INTO cook VALUES(5,'00:00',true,'Laura',null,0);

/* WORKER TABLE------------------------ */
/* create table worker (id bigint generated by default as identity, nta varchar(255), available boolean, capacity integer, carried_items LONGTEXT, name varchar(255), time_busy integer, primary key (id)) */
INSERT INTO worker VALUES(1,'00:00',true,1,null,'Michael',0) ;
INSERT INTO worker VALUES(2,'00:00',true,2,null,'Anna',0);
INSERT INTO worker VALUES(3,'00:00',true,3,null,'Daniel',0);
INSERT INTO worker VALUES(4,'00:00',true,4,null,'Lisa',0);
INSERT INTO worker VALUES(5,'00:00',true,5,null,'Philipp',0);

/* WAREHOUSE TABLE------------------------ */
/* (id bigint not null, delivery_time bigint, name varchar(255), primary key (id)) */
INSERT INTO warehouse VALUES('angeräucherte currywürste',1);
INSERT INTO warehouse VALUES('apfel',2);
INSERT INTO warehouse VALUES('beete kresse',1);
INSERT INTO warehouse VALUES('butter',2);
INSERT INTO warehouse VALUES('chinakohl',1);
INSERT INTO warehouse VALUES('edelsüß paprika',2);
INSERT INTO warehouse VALUES('fleischwurst',1);
INSERT INTO warehouse VALUES('geflügelfleischwurst',2);
INSERT INTO warehouse VALUES('gelbe paprika',1);
INSERT INTO warehouse VALUES('gemüsebrühe',2);
INSERT INTO warehouse VALUES('gewürzgurken',1);
INSERT INTO warehouse VALUES('gouda',2);
INSERT INTO warehouse VALUES('grüne paprika',1);
INSERT INTO warehouse VALUES('gruyère-käse',2);
INSERT INTO warehouse VALUES('kabanossi',1);
INSERT INTO warehouse VALUES('kartoffel',2);
INSERT INTO warehouse VALUES('kirschtomaten',1);
INSERT INTO warehouse VALUES('knoblauchzehen',2);
INSERT INTO warehouse VALUES('mittelscharfer senf',1);
INSERT INTO warehouse VALUES('möhren',2);
INSERT INTO warehouse VALUES('nudeln',1);
INSERT INTO warehouse VALUES('öl',2);
INSERT INTO warehouse VALUES('olivenöl',1);
INSERT INTO warehouse VALUES('paprikaschote',2);
INSERT INTO warehouse VALUES('petersilie',1);
INSERT INTO warehouse VALUES('pfeffer',2);
INSERT INTO warehouse VALUES('radieschen',1);
INSERT INTO warehouse VALUES('rote paprika',2);
INSERT INTO warehouse VALUES('salz',1);
INSERT INTO warehouse VALUES('schlagsahne',2);
INSERT INTO warehouse VALUES('schmand',1);
INSERT INTO warehouse VALUES('schnittlauch',2);
INSERT INTO warehouse VALUES('steckrüben',1);
INSERT INTO warehouse VALUES('stückige tomaten',2);
INSERT INTO warehouse VALUES('thymian',1);
INSERT INTO warehouse VALUES('tomatenmark',2);
INSERT INTO warehouse VALUES('wasabi',1);
INSERT INTO warehouse VALUES('weißkohl',2);
INSERT INTO warehouse VALUES('weißweinessig',1);
INSERT INTO warehouse VALUES('zucker',2);
INSERT INTO warehouse VALUES('zwiebel',1);
INSERT INTO warehouse VALUES('cocacola',2);
INSERT INTO warehouse VALUES('orangensaft',1);
INSERT INTO warehouse VALUES('wasser',2);
INSERT INTO warehouse VALUES('tee',1);
INSERT INTO warehouse VALUES('kafee',2);
INSERT INTO warehouse VALUES('brownie',1);
INSERT INTO warehouse VALUES('eis',2);


/* STORAGE TABLE------------------------ */
/* (food_item_name varchar(255) not null, available_units integer, primary key (food_item_name)) */
INSERT INTO storage VALUES('angeräucherte currywürste',20);
INSERT INTO storage VALUES('apfel',20);
INSERT INTO storage VALUES('beete kresse',20);
INSERT INTO storage VALUES('butter',20);
INSERT INTO storage VALUES('chinakohl',20);
INSERT INTO storage VALUES('edelsüß paprika',20);
INSERT INTO storage VALUES('fleischwurst',20);
INSERT INTO storage VALUES('geflügelfleischwurst',20);
INSERT INTO storage VALUES('gelbe paprika',20);
INSERT INTO storage VALUES('gemüsebrühe',20);
INSERT INTO storage VALUES('gewürzgurken',20);
INSERT INTO storage VALUES('gouda',20);
INSERT INTO storage VALUES('grüne paprika',20);
INSERT INTO storage VALUES('gruyère-käse',20);
INSERT INTO storage VALUES('kabanossi',20);
INSERT INTO storage VALUES('kartoffel',20);
INSERT INTO storage VALUES('kirschtomaten',20);
INSERT INTO storage VALUES('knoblauchzehen',20);
INSERT INTO storage VALUES('mittelscharfer senf',20);
INSERT INTO storage VALUES('möhren',20);
INSERT INTO storage VALUES('nudeln',20);
INSERT INTO storage VALUES('öl',20);
INSERT INTO storage VALUES('olivenöl',20);
INSERT INTO storage VALUES('paprikaschote',20);
INSERT INTO storage VALUES('petersilie',20);
INSERT INTO storage VALUES('pfeffer',20);
INSERT INTO storage VALUES('radieschen',20);
INSERT INTO storage VALUES('rote paprika',20);
INSERT INTO storage VALUES('salz',20);
INSERT INTO storage VALUES('schlagsahne',20);
INSERT INTO storage VALUES('schmand',20);
INSERT INTO storage VALUES('schnittlauch',20);
INSERT INTO storage VALUES('steckrüben',20);
INSERT INTO storage VALUES('stückige tomaten',20);
INSERT INTO storage VALUES('thymian',20);
INSERT INTO storage VALUES('tomatenmark',20);
INSERT INTO storage VALUES('wasabi',20);
INSERT INTO storage VALUES('weißkohl',20);
INSERT INTO storage VALUES('weißweinessig',20);
INSERT INTO storage VALUES('zucker',20);
INSERT INTO storage VALUES('zwiebel',20);
INSERT INTO storage VALUES('cocacola',20);
INSERT INTO storage VALUES('orangensaft',20);
INSERT INTO storage VALUES('wasser',20);
INSERT INTO storage VALUES('tee',20);
INSERT INTO storage VALUES('kafee',20);
INSERT INTO storage VALUES('brownie',20);
INSERT INTO storage VALUES('eis',20);



/* MENU_ITEM TABLE------------------------ */
/* (id bigint generated by default as identity, name varchar(255), price integer, type varchar(255), primary key (id)) */
INSERT INTO menu_item VALUES(1,'Kraut-Wurst-Pfanne',20,'main');
INSERT INTO menu_item VALUES(2,'Herzhafte Chinakohl-Wurst-Pfanne',30,'main');
INSERT INTO menu_item VALUES(3,'Kartoffel-Wurst-Eintopf',34,'main');
INSERT INTO menu_item VALUES(4,'Paprika-Wurst-Gulasch',35,'main');
INSERT INTO menu_item VALUES(5,'Nudel-Wurst-Käse-Salat',22,'main');
INSERT INTO menu_item VALUES(6,'cocacola',5,'drink');
INSERT INTO menu_item VALUES(7,'orangensaft',2,'drink');
INSERT INTO menu_item VALUES(8,'wasser',1,'drink');
INSERT INTO menu_item VALUES(9,'tee',2,'drink');
INSERT INTO menu_item VALUES(10,'kafee',3,'drink');
INSERT INTO menu_item VALUES(11,'brownie',3,'dessert');
INSERT INTO menu_item VALUES(12,'eis',2,'dessert');

/* RECIPE TABLE------------------------ */
/* id bigint not null, name varchar(255), pre_made boolean, time_to_cook integer, primary key (id) */
INSERT INTO recipe VALUES(1,'Kraut-Wurst-Pfanne',false, 1);
INSERT INTO recipe VALUES(2,'Herzhafte Chinakohl-Wurst-Pfanne',false,2);
INSERT INTO recipe VALUES(3,'Kartoffel-Wurst-Eintopf',false,1);
INSERT INTO recipe VALUES(4,'Paprika-Wurst-Gulasch',false,2);
INSERT INTO recipe VALUES(5,'Nudel-Wurst-Käse-Salat',false,1);
INSERT INTO recipe VALUES(6,'cocacola',true,1);
INSERT INTO recipe VALUES(7,'orangensaft',true,2);
INSERT INTO recipe VALUES(8,'wasser',true,1);
INSERT INTO recipe VALUES(9,'tee',true,2);
INSERT INTO recipe VALUES(10,'kafee',true,1);
INSERT INTO recipe VALUES(11,'brownie',true,2);
INSERT INTO recipe VALUES(12,'eis',true,1);


/* INGREDIENTS storage------------------------ */
/* (ingredient_name varchar(255) not null, recipe_id bigint not null, quantity_needed integer not null, primary key (ingredient_name, recipe_id)) */
/* Kraut-Wurst-Pfanne */
INSERT INTO INGREDIENTS_STORAGE VALUES('weißkohl',1,2);
INSERT INTO INGREDIENTS_STORAGE VALUES('zwiebel',1,4);
INSERT INTO INGREDIENTS_STORAGE VALUES('paprikaschote',1,2);
INSERT INTO INGREDIENTS_STORAGE VALUES('geflügelfleischwurst',1,2);
INSERT INTO INGREDIENTS_STORAGE VALUES('öl',1,2);
INSERT INTO INGREDIENTS_STORAGE VALUES('butter',1,2);
INSERT INTO INGREDIENTS_STORAGE VALUES('salz',1,2);
INSERT INTO INGREDIENTS_STORAGE VALUES('pfeffer',1,2);
INSERT INTO INGREDIENTS_STORAGE VALUES('schnittlauch',1,2);
/* Herzhafte Chinakohl-Wurst-Pfanne */
INSERT INTO INGREDIENTS_STORAGE VALUES('zwiebel',2,2);
INSERT INTO INGREDIENTS_STORAGE VALUES('chinakohl',2,2);
INSERT INTO INGREDIENTS_STORAGE VALUES('möhren',2,2);
INSERT INTO INGREDIENTS_STORAGE VALUES('fleischwurst',2,2);
INSERT INTO INGREDIENTS_STORAGE VALUES('olivenöl',2,2);
INSERT INTO INGREDIENTS_STORAGE VALUES('butter',2,2);
INSERT INTO INGREDIENTS_STORAGE VALUES('salz',2,2);
INSERT INTO INGREDIENTS_STORAGE VALUES('pfeffer',2,2);
INSERT INTO INGREDIENTS_STORAGE VALUES('schnittlauch',2,2);
INSERT INTO INGREDIENTS_STORAGE VALUES('schmand',2,2);
INSERT INTO INGREDIENTS_STORAGE VALUES('edelsüß paprika',2,2);
/* Kartoffel-Wurst-Eintopf */
INSERT INTO INGREDIENTS_STORAGE VALUES('steckrüben',3,2);
INSERT INTO INGREDIENTS_STORAGE VALUES('zwiebel',3,2);
INSERT INTO INGREDIENTS_STORAGE VALUES('thymian',3,2);
INSERT INTO INGREDIENTS_STORAGE VALUES('kartoffel',3,2);
INSERT INTO INGREDIENTS_STORAGE VALUES('kabanossi',3,2);
INSERT INTO INGREDIENTS_STORAGE VALUES('öl',3,2);
INSERT INTO INGREDIENTS_STORAGE VALUES('salz',3,2);
INSERT INTO INGREDIENTS_STORAGE VALUES('pfeffer',3,2);
INSERT INTO INGREDIENTS_STORAGE VALUES('zucker',3,2);
INSERT INTO INGREDIENTS_STORAGE VALUES('schlagsahne',3,2);
INSERT INTO INGREDIENTS_STORAGE VALUES('gemüsebrühe',3,2);
INSERT INTO INGREDIENTS_STORAGE VALUES('wasabi',3,2);
INSERT INTO INGREDIENTS_STORAGE VALUES('schnittlauch',3,2);
INSERT INTO INGREDIENTS_STORAGE VALUES('apfel',3,2);
INSERT INTO INGREDIENTS_STORAGE VALUES('gouda',3,2);
/* Paprika-Wurst-Gulasch */
INSERT INTO INGREDIENTS_STORAGE VALUES('zwiebel',4,2);
INSERT INTO INGREDIENTS_STORAGE VALUES('knoblauchzehen',4,2);
INSERT INTO INGREDIENTS_STORAGE VALUES('rote paprika',4,2);
INSERT INTO INGREDIENTS_STORAGE VALUES('gelbe paprika',4,2);
INSERT INTO INGREDIENTS_STORAGE VALUES('grüne paprika',4,2);
INSERT INTO INGREDIENTS_STORAGE VALUES('öl',4,2);
INSERT INTO INGREDIENTS_STORAGE VALUES('angeräucherte currywürste',4,2);
INSERT INTO INGREDIENTS_STORAGE VALUES('tomatenmark',4,2);
INSERT INTO INGREDIENTS_STORAGE VALUES('salz',4,2);
INSERT INTO INGREDIENTS_STORAGE VALUES('pfeffer',4,2);
INSERT INTO INGREDIENTS_STORAGE VALUES('edelsüß paprika',4,2);
INSERT INTO INGREDIENTS_STORAGE VALUES('zucker',4,2);
INSERT INTO INGREDIENTS_STORAGE VALUES('stückige tomaten',4,2);
INSERT INTO INGREDIENTS_STORAGE VALUES('gemüsebrühe',4,2);
INSERT INTO INGREDIENTS_STORAGE VALUES('nudeln',4,2);
INSERT INTO INGREDIENTS_STORAGE VALUES('petersilie',4,2);
/* Nudel-Wurst-Käse-Salat */
INSERT INTO INGREDIENTS_STORAGE VALUES('nudeln',5,2);
INSERT INTO INGREDIENTS_STORAGE VALUES('fleischwurst',5,2);
INSERT INTO INGREDIENTS_STORAGE VALUES('gruyère-käse',5,2);
INSERT INTO INGREDIENTS_STORAGE VALUES('gewürzgurken',5,2);
INSERT INTO INGREDIENTS_STORAGE VALUES('petersilie',5,2);
INSERT INTO INGREDIENTS_STORAGE VALUES('schnittlauch',5,2);
INSERT INTO INGREDIENTS_STORAGE VALUES('weißweinessig',5,2);
INSERT INTO INGREDIENTS_STORAGE VALUES('mittelscharfer senf',5,2);
INSERT INTO INGREDIENTS_STORAGE VALUES('salz',5,2);
INSERT INTO INGREDIENTS_STORAGE VALUES('pfeffer',5,2);
INSERT INTO INGREDIENTS_STORAGE VALUES('zucker',5,2);
INSERT INTO INGREDIENTS_STORAGE VALUES('öl',5,2);
INSERT INTO INGREDIENTS_STORAGE VALUES('radieschen',5,2);
INSERT INTO INGREDIENTS_STORAGE VALUES('kirschtomaten',5,2);
INSERT INTO INGREDIENTS_STORAGE VALUES('beete kresse',5,2);

/* Extras */
INSERT INTO INGREDIENTS_STORAGE VALUES('cocacola',6,1);
INSERT INTO INGREDIENTS_STORAGE VALUES('orangensaft',7,1);
INSERT INTO INGREDIENTS_STORAGE VALUES('wasser',8,1);
INSERT INTO INGREDIENTS_STORAGE VALUES('tee',9,1);
INSERT INTO INGREDIENTS_STORAGE VALUES('kafee',10,1);
INSERT INTO INGREDIENTS_STORAGE VALUES('brownie',11,1);
INSERT INTO INGREDIENTS_STORAGE VALUES('eis',12,1);


/* Arreglar que obtenga los ingredientes de la tabla de la cocina y sobre eso sepa cuanto pedir linea 93 de business logic
quitar cantidad de ingredientes existentes de la tabla ingredients storage, solo tomar en cuenta la cantidad necesaria.
Actualizar datos que se cargan a la tabla ac[a en el sql] */



/* +++++++++++++++++++++++++++++++++++++++++++++++++++++++++++++++++++++++++++++++++++++++++++++++++++++++++++++++++++++++++++++
+++++++++++++++++++++++++++++++++++++++++++++++++++++++++++++++++++++++++++++++++++++++++++++++++++++++++++++++++++++++++++++



// FIND MISSING INGREDIENTS FROM DATABASE ORDERED BY DELIVERYTIME FILTERED BY RECIPE ID */

/* SELECT storage.FOOD_ITEM_NAME,  storage .AVAILABLE_UNITS, INGREDIENTS_storage.QUANTITY_NEEDED, INGREDIENTS_storage.RECIPE_ID,WAREHOUSE.DELIVERY_TIME
FROM storage
INNER JOIN INGREDIENTS_storage
ON storage .FOOD_ITEM_NAME = INGREDIENTS_storage.INGREDIENT_NAME
INNER JOIN WAREHOUSE
ON storage.FOOD_ITEM_NAME = WAREHOUSE.NAME
WHERE AVAILABLE_UNITS = 0 AND RECIPE_ID = 1
ORDER BY DELIVERY_TIME DESC
 */

/* 
SELECT STORAGE.FOOD_ITEM_NAME,  STORAGE.AVAILABLE_UNITS, INGREDIENTS_STORAGE.QUANTITY_NEEDED,WAREHOUSE.DELIVERY_TIME,CAST((QUANTITY_NEEDED-AVAILABLE_UNITS) AS INT)AS UNITS_MISSING
FROM STORAGE
INNER JOIN INGREDIENTS_STORAGE
ON STORAGE.FOOD_ITEM_NAME = INGREDIENTS_STORAGE.INGREDIENT_NAME
INNER JOIN WAREHOUSE
ON STORAGE.FOOD_ITEM_NAME = WAREHOUSE.NAME
WHERE AVAILABLE_UNITS < QUANTITY_NEEDED AND RECIPE_ID = 1
ORDER BY DELIVERY_TIME DESC */



    /* SELECT * FROM ORDERS_ORDER_ITEMS 
    WHERE ORDERS_ID = 1 */


/* GET ITEMS THAT ARE NOT RECIPES*/
 /*     SELECT storage.FOOD_ITEM_NAME as name,
			CAST(storage.AVAILABLE_UNITS AS INT), CAST(INGREDIENTS_storage.QUANTITY_NEEDED AS INT),
			CAST(WAREHOUSE.DELIVERY_TIME AS INT),CAST((QUANTITY_NEEDED-AVAILABLE_UNITS) AS INT) AS UNITS_MISSING 
			FROM storage 
			INNER JOIN INGREDIENTS_storage 
			ON storage .FOOD_ITEM_NAME = INGREDIENTS_storage.INGREDIENT_NAME 
			INNER JOIN WAREHOUSE 
			ON storage.FOOD_ITEM_NAME = WAREHOUSE.NAME 
			WHERE AVAILABLE_UNITS < QUANTITY_NEEDED AND RECIPE_ID = 6 AND FOOD_ITEM_NAME = 'cocacola'
			ORDER BY DELIVERY_TIME DESC */